DATAFLOW,LAST UPDATE,freq,unit,na_item,geo,TIME_PERIOD,OBS_VALUE,OBS_FLAG
ESTAT:NAMA_10_PC$DV_648(1.0),13/04/22 23:00:00,A,PC_EU27_2020_HAB_MEUR_CP,P41,AL,2010,15.0,
ESTAT:NAMA_10_PC$DV_648(1.0),13/04/22 23:00:00,A,PC_EU27_2020_HAB_MEUR_CP,P41,AL,2011,15.2,
ESTAT:NAMA_10_PC$DV_648(1.0),13/04/22 23:00:00,A,PC_EU27_2020_HAB_MEUR_CP,P41,AL,2012,15.5,
ESTAT:NAMA_10_PC$DV_648(1.0),13/04/22 23:00:00,A,PC_EU27_2020_HAB_MEUR_CP,P41,AL,2013,16.0,
ESTAT:NAMA_10_PC$DV_648(1.0),13/04/22 23:00:00,A,PC_EU27_2020_HAB_MEUR_CP,P41,AL,2014,16.5,
ESTAT:NAMA_10_PC$DV_648(1.0),13/04/22 23:00:00,A,PC_EU27_2020_HAB_MEUR_CP,P41,AL,2015,16.6,
ESTAT:NAMA_10_PC$DV_648(1.0),13/04/22 23:00:00,A,PC_EU27_2020_HAB_MEUR_CP,P41,AL,2016,17.0,
ESTAT:NAMA_10_PC$DV_648(1.0),13/04/22 23:00:00,A,PC_EU27_2020_HAB_MEUR_CP,P41,AL,2017,17.5,
ESTAT:NAMA_10_PC$DV_648(1.0),13/04/22 23:00:00,A,PC_EU27_2020_HAB_MEUR_CP,P41,AL,2018,18.8,
ESTAT:NAMA_10_PC$DV_648(1.0),13/04/22 23:00:00,A,PC_EU27_2020_HAB_MEUR_CP,P41,AL,2019,19.9,
ESTAT:NAMA_10_PC$DV_648(1.0),13/04/22 23:00:00,A,PC_EU27_2020_HAB_MEUR_CP,P41,AL,2020,20.5,
ESTAT:NAMA_10_PC$DV_648(1.0),13/04/22 23:00:00,A,PC_EU27_2020_HAB_MEUR_CP,P41,AT,2010,135.9,
ESTAT:NAMA_10_PC$DV_648(1.0),13/04/22 23:00:00,A,PC_EU27_2020_HAB_MEUR_CP,P41,AT,2011,137.9,
ESTAT:NAMA_10_PC$DV_648(1.0),13/04/22 23:00:00,A,PC_EU27_2020_HAB_MEUR_CP,P41,AT,2012,140.3,
ESTAT:NAMA_10_PC$DV_648(1.0),13/04/22 23:00:00,A,PC_EU27_2020_HAB_MEUR_CP,P41,AT,2013,141.5,
ESTAT:NAMA_10_PC$DV_648(1.0),13/04/22 23:00:00,A,PC_EU27_2020_HAB_MEUR_CP,P41,AT,2014,142.0,
ESTAT:NAMA_10_PC$DV_648(1.0),13/04/22 23:00:00,A,PC_EU27_2020_HAB_MEUR_CP,P41,AT,2015,140.7,
ESTAT:NAMA_10_PC$DV_648(1.0),13/04/22 23:00:00,A,PC_EU27_2020_HAB_MEUR_CP,P41,AT,2016,140.2,
ESTAT:NAMA_10_PC$DV_648(1.0),13/04/22 23:00:00,A,PC_EU27_2020_HAB_MEUR_CP,P41,AT,2017,139.6,
ESTAT:NAMA_10_PC$DV_648(1.0),13/04/22 23:00:00,A,PC_EU27_2020_HAB_MEUR_CP,P41,AT,2018,139.3,
ESTAT:NAMA_10_PC$DV_648(1.0),13/04/22 23:00:00,A,PC_EU27_2020_HAB_MEUR_CP,P41,AT,2019,138.8,
ESTAT:NAMA_10_PC$DV_648(1.0),13/04/22 23:00:00,A,PC_EU27_2020_HAB_MEUR_CP,P41,AT,2020,137.7,
ESTAT:NAMA_10_PC$DV_648(1.0),13/04/22 23:00:00,A,PC_EU27_2020_HAB_MEUR_CP,P41,AT,2021,137.4,
ESTAT:NAMA_10_PC$DV_648(1.0),13/04/22 23:00:00,A,PC_EU27_2020_HAB_MEUR_CP,P41,BE,2010,128.8,
ESTAT:NAMA_10_PC$DV_648(1.0),13/04/22 23:00:00,A,PC_EU27_2020_HAB_MEUR_CP,P41,BE,2011,129.6,
ESTAT:NAMA_10_PC$DV_648(1.0),13/04/22 23:00:00,A,PC_EU27_2020_HAB_MEUR_CP,P41,BE,2012,132.3,
ESTAT:NAMA_10_PC$DV_648(1.0),13/04/22 23:00:00,A,PC_EU27_2020_HAB_MEUR_CP,P41,BE,2013,134.3,
ESTAT:NAMA_10_PC$DV_648(1.0),13/04/22 23:00:00,A,PC_EU27_2020_HAB_MEUR_CP,P41,BE,2014,134.0,
ESTAT:NAMA_10_PC$DV_648(1.0),13/04/22 23:00:00,A,PC_EU27_2020_HAB_MEUR_CP,P41,BE,2015,133.3,
ESTAT:NAMA_10_PC$DV_648(1.0),13/04/22 23:00:00,A,PC_EU27_2020_HAB_MEUR_CP,P41,BE,2016,133.6,
ESTAT:NAMA_10_PC$DV_648(1.0),13/04/22 23:00:00,A,PC_EU27_2020_HAB_MEUR_CP,P41,BE,2017,133.5,
ESTAT:NAMA_10_PC$DV_648(1.0),13/04/22 23:00:00,A,PC_EU27_2020_HAB_MEUR_CP,P41,BE,2018,134.1,
ESTAT:NAMA_10_PC$DV_648(1.0),13/04/22 23:00:00,A,PC_EU27_2020_HAB_MEUR_CP,P41,BE,2019,134.0,
ESTAT:NAMA_10_PC$DV_648(1.0),13/04/22 23:00:00,A,PC_EU27_2020_HAB_MEUR_CP,P41,BE,2020,132.4,
ESTAT:NAMA_10_PC$DV_648(1.0),13/04/22 23:00:00,A,PC_EU27_2020_HAB_MEUR_CP,P41,BE,2021,134.0,
ESTAT:NAMA_10_PC$DV_648(1.0),13/04/22 23:00:00,A,PC_EU27_2020_HAB_MEUR_CP,P41,BG,2010,21.4,
ESTAT:NAMA_10_PC$DV_648(1.0),13/04/22 23:00:00,A,PC_EU27_2020_HAB_MEUR_CP,P41,BG,2011,22.7,
ESTAT:NAMA_10_PC$DV_648(1.0),13/04/22 23:00:00,A,PC_EU27_2020_HAB_MEUR_CP,P41,BG,2012,24.0,
ESTAT:NAMA_10_PC$DV_648(1.0),13/04/22 23:00:00,A,PC_EU27_2020_HAB_MEUR_CP,P41,BG,2013,23.0,
ESTAT:NAMA_10_PC$DV_648(1.0),13/04/22 23:00:00,A,PC_EU27_2020_HAB_MEUR_CP,P41,BG,2014,23.5,
ESTAT:NAMA_10_PC$DV_648(1.0),13/04/22 23:00:00,A,PC_EU27_2020_HAB_MEUR_CP,P41,BG,2015,24.2,
ESTAT:NAMA_10_PC$DV_648(1.0),13/04/22 23:00:00,A,PC_EU27_2020_HAB_MEUR_CP,P41,BG,2016,24.8,
ESTAT:NAMA_10_PC$DV_648(1.0),13/04/22 23:00:00,A,PC_EU27_2020_HAB_MEUR_CP,P41,BG,2017,25.8,
ESTAT:NAMA_10_PC$DV_648(1.0),13/04/22 23:00:00,A,PC_EU27_2020_HAB_MEUR_CP,P41,BG,2018,27.1,
ESTAT:NAMA_10_PC$DV_648(1.0),13/04/22 23:00:00,A,PC_EU27_2020_HAB_MEUR_CP,P41,BG,2019,28.8,
ESTAT:NAMA_10_PC$DV_648(1.0),13/04/22 23:00:00,A,PC_EU27_2020_HAB_MEUR_CP,P41,BG,2020,30.8,
ESTAT:NAMA_10_PC$DV_648(1.0),13/04/22 23:00:00,A,PC_EU27_2020_HAB_MEUR_CP,P41,BG,2021,32.7,
ESTAT:NAMA_10_PC$DV_648(1.0),13/04/22 23:00:00,A,PC_EU27_2020_HAB_MEUR_CP,P41,CH,2010,199.4,
ESTAT:NAMA_10_PC$DV_648(1.0),13/04/22 23:00:00,A,PC_EU27_2020_HAB_MEUR_CP,P41,CH,2011,218.8,
ESTAT:NAMA_10_PC$DV_648(1.0),13/04/22 23:00:00,A,PC_EU27_2020_HAB_MEUR_CP,P41,CH,2012,222.8,
ESTAT:NAMA_10_PC$DV_648(1.0),13/04/22 23:00:00,A,PC_EU27_2020_HAB_MEUR_CP,P41,CH,2013,218.5,
ESTAT:NAMA_10_PC$DV_648(1.0),13/04/22 23:00:00,A,PC_EU27_2020_HAB_MEUR_CP,P41,CH,2014,218.1,
ESTAT:NAMA_10_PC$DV_648(1.0),13/04/22 23:00:00,A,PC_EU27_2020_HAB_MEUR_CP,P41,CH,2015,242.9,
ESTAT:NAMA_10_PC$DV_648(1.0),13/04/22 23:00:00,A,PC_EU27_2020_HAB_MEUR_CP,P41,CH,2016,233.5,
ESTAT:NAMA_10_PC$DV_648(1.0),13/04/22 23:00:00,A,PC_EU27_2020_HAB_MEUR_CP,P41,CH,2017,223.6,
ESTAT:NAMA_10_PC$DV_648(1.0),13/04/22 23:00:00,A,PC_EU27_2020_HAB_MEUR_CP,P41,CH,2018,211.4,
ESTAT:NAMA_10_PC$DV_648(1.0),13/04/22 23:00:00,A,PC_EU27_2020_HAB_MEUR_CP,P41,CH,2019,214.4,
ESTAT:NAMA_10_PC$DV_648(1.0),13/04/22 23:00:00,A,PC_EU27_2020_HAB_MEUR_CP,P41,CH,2020,224.3,
ESTAT:NAMA_10_PC$DV_648(1.0),13/04/22 23:00:00,A,PC_EU27_2020_HAB_MEUR_CP,P41,CY,2010,100.8,
ESTAT:NAMA_10_PC$DV_648(1.0),13/04/22 23:00:00,A,PC_EU27_2020_HAB_MEUR_CP,P41,CY,2011,98.3,
ESTAT:NAMA_10_PC$DV_648(1.0),13/04/22 23:00:00,A,PC_EU27_2020_HAB_MEUR_CP,P41,CY,2012,95.6,
ESTAT:NAMA_10_PC$DV_648(1.0),13/04/22 23:00:00,A,PC_EU27_2020_HAB_MEUR_CP,P41,CY,2013,89.4,
ESTAT:NAMA_10_PC$DV_648(1.0),13/04/22 23:00:00,A,PC_EU27_2020_HAB_MEUR_CP,P41,CY,2014,87.2,
ESTAT:NAMA_10_PC$DV_648(1.0),13/04/22 23:00:00,A,PC_EU27_2020_HAB_MEUR_CP,P41,CY,2015,86.2,
ESTAT:NAMA_10_PC$DV_648(1.0),13/04/22 23:00:00,A,PC_EU27_2020_HAB_MEUR_CP,P41,CY,2016,86.1,
ESTAT:NAMA_10_PC$DV_648(1.0),13/04/22 23:00:00,A,PC_EU27_2020_HAB_MEUR_CP,P41,CY,2017,87.7,
ESTAT:NAMA_10_PC$DV_648(1.0),13/04/22 23:00:00,A,PC_EU27_2020_HAB_MEUR_CP,P41,CY,2018,88.9,
ESTAT:NAMA_10_PC$DV_648(1.0),13/04/22 23:00:00,A,PC_EU27_2020_HAB_MEUR_CP,P41,CY,2019,90.5,
ESTAT:NAMA_10_PC$DV_648(1.0),13/04/22 23:00:00,A,PC_EU27_2020_HAB_MEUR_CP,P41,CY,2020,92.0,
ESTAT:NAMA_10_PC$DV_648(1.0),13/04/22 23:00:00,A,PC_EU27_2020_HAB_MEUR_CP,P41,CY,2021,91.0,
ESTAT:NAMA_10_PC$DV_648(1.0),13/04/22 23:00:00,A,PC_EU27_2020_HAB_MEUR_CP,P41,CZ,2010,52.1,
ESTAT:NAMA_10_PC$DV_648(1.0),13/04/22 23:00:00,A,PC_EU27_2020_HAB_MEUR_CP,P41,CZ,2011,53.6,
ESTAT:NAMA_10_PC$DV_648(1.0),13/04/22 23:00:00,A,PC_EU27_2020_HAB_MEUR_CP,P41,CZ,2012,52.4,
ESTAT:NAMA_10_PC$DV_648(1.0),13/04/22 23:00:00,A,PC_EU27_2020_HAB_MEUR_CP,P41,CZ,2013,51.2,
ESTAT:NAMA_10_PC$DV_648(1.0),13/04/22 23:00:00,A,PC_EU27_2020_HAB_MEUR_CP,P41,CZ,2014,48.9,
ESTAT:NAMA_10_PC$DV_648(1.0),13/04/22 23:00:00,A,PC_EU27_2020_HAB_MEUR_CP,P41,CZ,2015,50.0,
ESTAT:NAMA_10_PC$DV_648(1.0),13/04/22 23:00:00,A,PC_EU27_2020_HAB_MEUR_CP,P41,CZ,2016,51.2,
ESTAT:NAMA_10_PC$DV_648(1.0),13/04/22 23:00:00,A,PC_EU27_2020_HAB_MEUR_CP,P41,CZ,2017,54.0,
ESTAT:NAMA_10_PC$DV_648(1.0),13/04/22 23:00:00,A,PC_EU27_2020_HAB_MEUR_CP,P41,CZ,2018,57.3,
ESTAT:NAMA_10_PC$DV_648(1.0),13/04/22 23:00:00,A,PC_EU27_2020_HAB_MEUR_CP,P41,CZ,2019,59.0,
ESTAT:NAMA_10_PC$DV_648(1.0),13/04/22 23:00:00,A,PC_EU27_2020_HAB_MEUR_CP,P41,CZ,2020,59.2,
ESTAT:NAMA_10_PC$DV_648(1.0),13/04/22 23:00:00,A,PC_EU27_2020_HAB_MEUR_CP,P41,CZ,2021,62.0,
ESTAT:NAMA_10_PC$DV_648(1.0),13/04/22 23:00:00,A,PC_EU27_2020_HAB_MEUR_CP,P41,DE,2010,125.5,
ESTAT:NAMA_10_PC$DV_648(1.0),13/04/22 23:00:00,A,PC_EU27_2020_HAB_MEUR_CP,P41,DE,2011,127.0,
ESTAT:NAMA_10_PC$DV_648(1.0),13/04/22 23:00:00,A,PC_EU27_2020_HAB_MEUR_CP,P41,DE,2012,129.2,
ESTAT:NAMA_10_PC$DV_648(1.0),13/04/22 23:00:00,A,PC_EU27_2020_HAB_MEUR_CP,P41,DE,2013,131.1,
ESTAT:NAMA_10_PC$DV_648(1.0),13/04/22 23:00:00,A,PC_EU27_2020_HAB_MEUR_CP,P41,DE,2014,132.1,
ESTAT:NAMA_10_PC$DV_648(1.0),13/04/22 23:00:00,A,PC_EU27_2020_HAB_MEUR_CP,P41,DE,2015,131.9,
ESTAT:NAMA_10_PC$DV_648(1.0),13/04/22 23:00:00,A,PC_EU27_2020_HAB_MEUR_CP,P41,DE,2016,132.5,
ESTAT:NAMA_10_PC$DV_648(1.0),13/04/22 23:00:00,A,PC_EU27_2020_HAB_MEUR_CP,P41,DE,2017,131.6,
ESTAT:NAMA_10_PC$DV_648(1.0),13/04/22 23:00:00,A,PC_EU27_2020_HAB_MEUR_CP,P41,DE,2018,131.2,
ESTAT:NAMA_10_PC$DV_648(1.0),13/04/22 23:00:00,A,PC_EU27_2020_HAB_MEUR_CP,P41,DE,2019,131.6,
ESTAT:NAMA_10_PC$DV_648(1.0),13/04/22 23:00:00,A,PC_EU27_2020_HAB_MEUR_CP,P41,DE,2020,133.5,
ESTAT:NAMA_10_PC$DV_648(1.0),13/04/22 23:00:00,A,PC_EU27_2020_HAB_MEUR_CP,P41,DE,2021,130.8,
ESTAT:NAMA_10_PC$DV_648(1.0),13/04/22 23:00:00,A,PC_EU27_2020_HAB_MEUR_CP,P41,DK,2010,170.4,
ESTAT:NAMA_10_PC$DV_648(1.0),13/04/22 23:00:00,A,PC_EU27_2020_HAB_MEUR_CP,P41,DK,2011,168.6,
ESTAT:NAMA_10_PC$DV_648(1.0),13/04/22 23:00:00,A,PC_EU27_2020_HAB_MEUR_CP,P41,DK,2012,171.2,
ESTAT:NAMA_10_PC$DV_648(1.0),13/04/22 23:00:00,A,PC_EU27_2020_HAB_MEUR_CP,P41,DK,2013,170.8,
ESTAT:NAMA_10_PC$DV_648(1.0),13/04/22 23:00:00,A,PC_EU27_2020_HAB_MEUR_CP,P41,DK,2014,170.9,
ESTAT:NAMA_10_PC$DV_648(1.0),13/04/22 23:00:00,A,PC_EU27_2020_HAB_MEUR_CP,P41,DK,2015,170.1,
ESTAT:NAMA_10_PC$DV_648(1.0),13/04/22 23:00:00,A,PC_EU27_2020_HAB_MEUR_CP,P41,DK,2016,168.8,
ESTAT:NAMA_10_PC$DV_648(1.0),13/04/22 23:00:00,A,PC_EU27_2020_HAB_MEUR_CP,P41,DK,2017,167.1,
ESTAT:NAMA_10_PC$DV_648(1.0),13/04/22 23:00:00,A,PC_EU27_2020_HAB_MEUR_CP,P41,DK,2018,166.9,
ESTAT:NAMA_10_PC$DV_648(1.0),13/04/22 23:00:00,A,PC_EU27_2020_HAB_MEUR_CP,P41,DK,2019,164.3,
ESTAT:NAMA_10_PC$DV_648(1.0),13/04/22 23:00:00,A,PC_EU27_2020_HAB_MEUR_CP,P41,DK,2020,172.9,
ESTAT:NAMA_10_PC$DV_648(1.0),13/04/22 23:00:00,A,PC_EU27_2020_HAB_MEUR_CP,P41,DK,2021,172.3,
ESTAT:NAMA_10_PC$DV_648(1.0),13/04/22 23:00:00,A,PC_EU27_2020_HAB_MEUR_CP,P41,EA,2010,116.3,
ESTAT:NAMA_10_PC$DV_648(1.0),13/04/22 23:00:00,A,PC_EU27_2020_HAB_MEUR_CP,P41,EA,2011,115.4,
ESTAT:NAMA_10_PC$DV_648(1.0),13/04/22 23:00:00,A,PC_EU27_2020_HAB_MEUR_CP,P41,EA,2012,114.9,
ESTAT:NAMA_10_PC$DV_648(1.0),13/04/22 23:00:00,A,PC_EU27_2020_HAB_MEUR_CP,P41,EA,2013,114.7,
ESTAT:NAMA_10_PC$DV_648(1.0),13/04/22 23:00:00,A,PC_EU27_2020_HAB_MEUR_CP,P41,EA,2014,114.3,
ESTAT:NAMA_10_PC$DV_648(1.0),13/04/22 23:00:00,A,PC_EU27_2020_HAB_MEUR_CP,P41,EA,2015,113.5,
ESTAT:NAMA_10_PC$DV_648(1.0),13/04/22 23:00:00,A,PC_EU27_2020_HAB_MEUR_CP,P41,EA,2016,113.4,
ESTAT:NAMA_10_PC$DV_648(1.0),13/04/22 23:00:00,A,PC_EU27_2020_HAB_MEUR_CP,P41,EA,2017,112.8,
ESTAT:NAMA_10_PC$DV_648(1.0),13/04/22 23:00:00,A,PC_EU27_2020_HAB_MEUR_CP,P41,EA,2018,112.5,
ESTAT:NAMA_10_PC$DV_648(1.0),13/04/22 23:00:00,A,PC_EU27_2020_HAB_MEUR_CP,P41,EA,2019,112.2,
ESTAT:NAMA_10_PC$DV_648(1.0),13/04/22 23:00:00,A,PC_EU27_2020_HAB_MEUR_CP,P41,EA,2020,111.6,
ESTAT:NAMA_10_PC$DV_648(1.0),13/04/22 23:00:00,A,PC_EU27_2020_HAB_MEUR_CP,P41,EA,2021,111.0,
ESTAT:NAMA_10_PC$DV_648(1.0),13/04/22 23:00:00,A,PC_EU27_2020_HAB_MEUR_CP,P41,EA12,2010,117.8,
ESTAT:NAMA_10_PC$DV_648(1.0),13/04/22 23:00:00,A,PC_EU27_2020_HAB_MEUR_CP,P41,EA12,2011,117.2,
ESTAT:NAMA_10_PC$DV_648(1.0),13/04/22 23:00:00,A,PC_EU27_2020_HAB_MEUR_CP,P41,EA12,2012,116.7,
ESTAT:NAMA_10_PC$DV_648(1.0),13/04/22 23:00:00,A,PC_EU27_2020_HAB_MEUR_CP,P41,EA12,2013,116.5,
ESTAT:NAMA_10_PC$DV_648(1.0),13/04/22 23:00:00,A,PC_EU27_2020_HAB_MEUR_CP,P41,EA12,2014,116.5,
ESTAT:NAMA_10_PC$DV_648(1.0),13/04/22 23:00:00,A,PC_EU27_2020_HAB_MEUR_CP,P41,EA12,2015,116.2,
ESTAT:NAMA_10_PC$DV_648(1.0),13/04/22 23:00:00,A,PC_EU27_2020_HAB_MEUR_CP,P41,EA12,2016,116.0,
ESTAT:NAMA_10_PC$DV_648(1.0),13/04/22 23:00:00,A,PC_EU27_2020_HAB_MEUR_CP,P41,EA12,2017,115.3,
ESTAT:NAMA_10_PC$DV_648(1.0),13/04/22 23:00:00,A,PC_EU27_2020_HAB_MEUR_CP,P41,EA12,2018,114.9,
ESTAT:NAMA_10_PC$DV_648(1.0),13/04/22 23:00:00,A,PC_EU27_2020_HAB_MEUR_CP,P41,EA12,2019,114.5,
ESTAT:NAMA_10_PC$DV_648(1.0),13/04/22 23:00:00,A,PC_EU27_2020_HAB_MEUR_CP,P41,EA12,2020,113.8,
ESTAT:NAMA_10_PC$DV_648(1.0),13/04/22 23:00:00,A,PC_EU27_2020_HAB_MEUR_CP,P41,EA12,2021,113.1,
ESTAT:NAMA_10_PC$DV_648(1.0),13/04/22 23:00:00,A,PC_EU27_2020_HAB_MEUR_CP,P41,EA19,2010,114.8,
ESTAT:NAMA_10_PC$DV_648(1.0),13/04/22 23:00:00,A,PC_EU27_2020_HAB_MEUR_CP,P41,EA19,2011,114.2,
ESTAT:NAMA_10_PC$DV_648(1.0),13/04/22 23:00:00,A,PC_EU27_2020_HAB_MEUR_CP,P41,EA19,2012,113.9,
ESTAT:NAMA_10_PC$DV_648(1.0),13/04/22 23:00:00,A,PC_EU27_2020_HAB_MEUR_CP,P41,EA19,2013,113.7,
ESTAT:NAMA_10_PC$DV_648(1.0),13/04/22 23:00:00,A,PC_EU27_2020_HAB_MEUR_CP,P41,EA19,2014,113.8,
ESTAT:NAMA_10_PC$DV_648(1.0),13/04/22 23:00:00,A,PC_EU27_2020_HAB_MEUR_CP,P41,EA19,2015,113.5,
ESTAT:NAMA_10_PC$DV_648(1.0),13/04/22 23:00:00,A,PC_EU27_2020_HAB_MEUR_CP,P41,EA19,2016,113.4,
ESTAT:NAMA_10_PC$DV_648(1.0),13/04/22 23:00:00,A,PC_EU27_2020_HAB_MEUR_CP,P41,EA19,2017,112.8,
ESTAT:NAMA_10_PC$DV_648(1.0),13/04/22 23:00:00,A,PC_EU27_2020_HAB_MEUR_CP,P41,EA19,2018,112.5,
ESTAT:NAMA_10_PC$DV_648(1.0),13/04/22 23:00:00,A,PC_EU27_2020_HAB_MEUR_CP,P41,EA19,2019,112.2,
ESTAT:NAMA_10_PC$DV_648(1.0),13/04/22 23:00:00,A,PC_EU27_2020_HAB_MEUR_CP,P41,EA19,2020,111.6,
ESTAT:NAMA_10_PC$DV_648(1.0),13/04/22 23:00:00,A,PC_EU27_2020_HAB_MEUR_CP,P41,EA19,2021,111.0,
ESTAT:NAMA_10_PC$DV_648(1.0),13/04/22 23:00:00,A,PC_EU27_2020_HAB_MEUR_CP,P41,EE,2010,40.6,
ESTAT:NAMA_10_PC$DV_648(1.0),13/04/22 23:00:00,A,PC_EU27_2020_HAB_MEUR_CP,P41,EE,2011,43.0,
ESTAT:NAMA_10_PC$DV_648(1.0),13/04/22 23:00:00,A,PC_EU27_2020_HAB_MEUR_CP,P41,EE,2012,46.3,
ESTAT:NAMA_10_PC$DV_648(1.0),13/04/22 23:00:00,A,PC_EU27_2020_HAB_MEUR_CP,P41,EE,2013,49.4,
ESTAT:NAMA_10_PC$DV_648(1.0),13/04/22 23:00:00,A,PC_EU27_2020_HAB_MEUR_CP,P41,EE,2014,51.2,
ESTAT:NAMA_10_PC$DV_648(1.0),13/04/22 23:00:00,A,PC_EU27_2020_HAB_MEUR_CP,P41,EE,2015,52.7,
ESTAT:NAMA_10_PC$DV_648(1.0),13/04/22 23:00:00,A,PC_EU27_2020_HAB_MEUR_CP,P41,EE,2016,54.3,
ESTAT:NAMA_10_PC$DV_648(1.0),13/04/22 23:00:00,A,PC_EU27_2020_HAB_MEUR_CP,P41,EE,2017,56.2,
ESTAT:NAMA_10_PC$DV_648(1.0),13/04/22 23:00:00,A,PC_EU27_2020_HAB_MEUR_CP,P41,EE,2018,59.3,
ESTAT:NAMA_10_PC$DV_648(1.0),13/04/22 23:00:00,A,PC_EU27_2020_HAB_MEUR_CP,P41,EE,2019,61.6,
ESTAT:NAMA_10_PC$DV_648(1.0),13/04/22 23:00:00,A,PC_EU27_2020_HAB_MEUR_CP,P41,EE,2020,63.6,
ESTAT:NAMA_10_PC$DV_648(1.0),13/04/22 23:00:00,A,PC_EU27_2020_HAB_MEUR_CP,P41,EE,2021,66.2,
ESTAT:NAMA_10_PC$DV_648(1.0),13/04/22 23:00:00,A,PC_EU27_2020_HAB_MEUR_CP,P41,EL,2010,91.9,
ESTAT:NAMA_10_PC$DV_648(1.0),13/04/22 23:00:00,A,PC_EU27_2020_HAB_MEUR_CP,P41,EL,2011,84.2,
ESTAT:NAMA_10_PC$DV_648(1.0),13/04/22 23:00:00,A,PC_EU27_2020_HAB_MEUR_CP,P41,EL,2012,77.9,
ESTAT:NAMA_10_PC$DV_648(1.0),13/04/22 23:00:00,A,PC_EU27_2020_HAB_MEUR_CP,P41,EL,2013,73.2,
ESTAT:NAMA_10_PC$DV_648(1.0),13/04/22 23:00:00,A,PC_EU27_2020_HAB_MEUR_CP,P41,EL,2014,70.4,
ESTAT:NAMA_10_PC$DV_648(1.0),13/04/22 23:00:00,A,PC_EU27_2020_HAB_MEUR_CP,P41,EL,2015,68.3,
ESTAT:NAMA_10_PC$DV_648(1.0),13/04/22 23:00:00,A,PC_EU27_2020_HAB_MEUR_CP,P41,EL,2016,66.3,
ESTAT:NAMA_10_PC$DV_648(1.0),13/04/22 23:00:00,A,PC_EU27_2020_HAB_MEUR_CP,P41,EL,2017,65.9,
ESTAT:NAMA_10_PC$DV_648(1.0),13/04/22 23:00:00,A,PC_EU27_2020_HAB_MEUR_CP,P41,EL,2018,65.3,
ESTAT:NAMA_10_PC$DV_648(1.0),13/04/22 23:00:00,A,PC_EU27_2020_HAB_MEUR_CP,P41,EL,2019,65.1,
ESTAT:NAMA_10_PC$DV_648(1.0),13/04/22 23:00:00,A,PC_EU27_2020_HAB_MEUR_CP,P41,EL,2020,63.2,
ESTAT:NAMA_10_PC$DV_648(1.0),13/04/22 23:00:00,A,PC_EU27_2020_HAB_MEUR_CP,P41,EL,2021,64.4,
ESTAT:NAMA_10_PC$DV_648(1.0),13/04/22 23:00:00,A,PC_EU27_2020_HAB_MEUR_CP,P41,ES,2010,93.9,
ESTAT:NAMA_10_PC$DV_648(1.0),13/04/22 23:00:00,A,PC_EU27_2020_HAB_MEUR_CP,P41,ES,2011,91.0,
ESTAT:NAMA_10_PC$DV_648(1.0),13/04/22 23:00:00,A,PC_EU27_2020_HAB_MEUR_CP,P41,ES,2012,88.3,
ESTAT:NAMA_10_PC$DV_648(1.0),13/04/22 23:00:00,A,PC_EU27_2020_HAB_MEUR_CP,P41,ES,2013,86.3,
ESTAT:NAMA_10_PC$DV_648(1.0),13/04/22 23:00:00,A,PC_EU27_2020_HAB_MEUR_CP,P41,ES,2014,86.7,
ESTAT:NAMA_10_PC$DV_648(1.0),13/04/22 23:00:00,A,PC_EU27_2020_HAB_MEUR_CP,P41,ES,2015,87.6,
ESTAT:NAMA_10_PC$DV_648(1.0),13/04/22 23:00:00,A,PC_EU27_2020_HAB_MEUR_CP,P41,ES,2016,88.0,
ESTAT:NAMA_10_PC$DV_648(1.0),13/04/22 23:00:00,A,PC_EU27_2020_HAB_MEUR_CP,P41,ES,2017,88.7,
ESTAT:NAMA_10_PC$DV_648(1.0),13/04/22 23:00:00,A,PC_EU27_2020_HAB_MEUR_CP,P41,ES,2018,88.6,
ESTAT:NAMA_10_PC$DV_648(1.0),13/04/22 23:00:00,A,PC_EU27_2020_HAB_MEUR_CP,P41,ES,2019,87.7,
ESTAT:NAMA_10_PC$DV_648(1.0),13/04/22 23:00:00,A,PC_EU27_2020_HAB_MEUR_CP,P41,ES,2020,83.4,
ESTAT:NAMA_10_PC$DV_648(1.0),13/04/22 23:00:00,A,PC_EU27_2020_HAB_MEUR_CP,P41,ES,2021,83.3,
ESTAT:NAMA_10_PC$DV_648(1.0),13/04/22 23:00:00,A,PC_EU27_2020_HAB_MEUR_CP,P41,EU15,2010,122.0,
ESTAT:NAMA_10_PC$DV_648(1.0),13/04/22 23:00:00,A,PC_EU27_2020_HAB_MEUR_CP,P41,EU15,2011,121.5,
ESTAT:NAMA_10_PC$DV_648(1.0),13/04/22 23:00:00,A,PC_EU27_2020_HAB_MEUR_CP,P41,EU15,2012,123.2,
ESTAT:NAMA_10_PC$DV_648(1.0),13/04/22 23:00:00,A,PC_EU27_2020_HAB_MEUR_CP,P41,EU15,2013,122.7,
ESTAT:NAMA_10_PC$DV_648(1.0),13/04/22 23:00:00,A,PC_EU27_2020_HAB_MEUR_CP,P41,EU15,2014,124.3,
ESTAT:NAMA_10_PC$DV_648(1.0),13/04/22 23:00:00,A,PC_EU27_2020_HAB_MEUR_CP,P41,EU15,2015,126.7,
ESTAT:NAMA_10_PC$DV_648(1.0),13/04/22 23:00:00,A,PC_EU27_2020_HAB_MEUR_CP,P41,EU15,2016,123.7,
ESTAT:NAMA_10_PC$DV_648(1.0),13/04/22 23:00:00,A,PC_EU27_2020_HAB_MEUR_CP,P41,EU15,2017,121.2,
ESTAT:NAMA_10_PC$DV_648(1.0),13/04/22 23:00:00,A,PC_EU27_2020_HAB_MEUR_CP,P41,EU15,2018,120.5,
ESTAT:NAMA_10_PC$DV_648(1.0),13/04/22 23:00:00,A,PC_EU27_2020_HAB_MEUR_CP,P41,EU15,2019,120.1,
ESTAT:NAMA_10_PC$DV_648(1.0),13/04/22 23:00:00,A,PC_EU27_2020_HAB_MEUR_CP,P41,EU27_2020,2010,100.0,
ESTAT:NAMA_10_PC$DV_648(1.0),13/04/22 23:00:00,A,PC_EU27_2020_HAB_MEUR_CP,P41,EU27_2020,2011,100.0,
ESTAT:NAMA_10_PC$DV_648(1.0),13/04/22 23:00:00,A,PC_EU27_2020_HAB_MEUR_CP,P41,EU27_2020,2012,100.0,
ESTAT:NAMA_10_PC$DV_648(1.0),13/04/22 23:00:00,A,PC_EU27_2020_HAB_MEUR_CP,P41,EU27_2020,2013,100.0,
ESTAT:NAMA_10_PC$DV_648(1.0),13/04/22 23:00:00,A,PC_EU27_2020_HAB_MEUR_CP,P41,EU27_2020,2014,100.0,
ESTAT:NAMA_10_PC$DV_648(1.0),13/04/22 23:00:00,A,PC_EU27_2020_HAB_MEUR_CP,P41,EU27_2020,2015,100.0,
ESTAT:NAMA_10_PC$DV_648(1.0),13/04/22 23:00:00,A,PC_EU27_2020_HAB_MEUR_CP,P41,EU27_2020,2016,100.0,
ESTAT:NAMA_10_PC$DV_648(1.0),13/04/22 23:00:00,A,PC_EU27_2020_HAB_MEUR_CP,P41,EU27_2020,2017,100.0,
ESTAT:NAMA_10_PC$DV_648(1.0),13/04/22 23:00:00,A,PC_EU27_2020_HAB_MEUR_CP,P41,EU27_2020,2018,100.0,
ESTAT:NAMA_10_PC$DV_648(1.0),13/04/22 23:00:00,A,PC_EU27_2020_HAB_MEUR_CP,P41,EU27_2020,2019,100.0,
ESTAT:NAMA_10_PC$DV_648(1.0),13/04/22 23:00:00,A,PC_EU27_2020_HAB_MEUR_CP,P41,EU27_2020,2020,100.0,
ESTAT:NAMA_10_PC$DV_648(1.0),13/04/22 23:00:00,A,PC_EU27_2020_HAB_MEUR_CP,P41,EU27_2020,2021,100.0,
ESTAT:NAMA_10_PC$DV_648(1.0),13/04/22 23:00:00,A,PC_EU27_2020_HAB_MEUR_CP,P41,EU28,2010,104.3,
ESTAT:NAMA_10_PC$DV_648(1.0),13/04/22 23:00:00,A,PC_EU27_2020_HAB_MEUR_CP,P41,EU28,2011,104.2,
ESTAT:NAMA_10_PC$DV_648(1.0),13/04/22 23:00:00,A,PC_EU27_2020_HAB_MEUR_CP,P41,EU28,2012,105.7,
ESTAT:NAMA_10_PC$DV_648(1.0),13/04/22 23:00:00,A,PC_EU27_2020_HAB_MEUR_CP,P41,EU28,2013,105.4,
ESTAT:NAMA_10_PC$DV_648(1.0),13/04/22 23:00:00,A,PC_EU27_2020_HAB_MEUR_CP,P41,EU28,2014,106.7,
ESTAT:NAMA_10_PC$DV_648(1.0),13/04/22 23:00:00,A,PC_EU27_2020_HAB_MEUR_CP,P41,EU28,2015,108.9,
ESTAT:NAMA_10_PC$DV_648(1.0),13/04/22 23:00:00,A,PC_EU27_2020_HAB_MEUR_CP,P41,EU28,2016,106.7,
ESTAT:NAMA_10_PC$DV_648(1.0),13/04/22 23:00:00,A,PC_EU27_2020_HAB_MEUR_CP,P41,EU28,2017,105.2,
ESTAT:NAMA_10_PC$DV_648(1.0),13/04/22 23:00:00,A,PC_EU27_2020_HAB_MEUR_CP,P41,EU28,2018,105.1,
ESTAT:NAMA_10_PC$DV_648(1.0),13/04/22 23:00:00,A,PC_EU27_2020_HAB_MEUR_CP,P41,EU28,2019,105.2,
ESTAT:NAMA_10_PC$DV_648(1.0),13/04/22 23:00:00,A,PC_EU27_2020_HAB_MEUR_CP,P41,FI,2010,138.6,
ESTAT:NAMA_10_PC$DV_648(1.0),13/04/22 23:00:00,A,PC_EU27_2020_HAB_MEUR_CP,P41,FI,2011,143.2,
ESTAT:NAMA_10_PC$DV_648(1.0),13/04/22 23:00:00,A,PC_EU27_2020_HAB_MEUR_CP,P41,FI,2012,146.6,
ESTAT:NAMA_10_PC$DV_648(1.0),13/04/22 23:00:00,A,PC_EU27_2020_HAB_MEUR_CP,P41,FI,2013,147.9,
ESTAT:NAMA_10_PC$DV_648(1.0),13/04/22 23:00:00,A,PC_EU27_2020_HAB_MEUR_CP,P41,FI,2014,147.7,
ESTAT:NAMA_10_PC$DV_648(1.0),13/04/22 23:00:00,A,PC_EU27_2020_HAB_MEUR_CP,P41,FI,2015,147.1,
ESTAT:NAMA_10_PC$DV_648(1.0),13/04/22 23:00:00,A,PC_EU27_2020_HAB_MEUR_CP,P41,FI,2016,146.8,
ESTAT:NAMA_10_PC$DV_648(1.0),13/04/22 23:00:00,A,PC_EU27_2020_HAB_MEUR_CP,P41,FI,2017,143.7,
ESTAT:NAMA_10_PC$DV_648(1.0),13/04/22 23:00:00,A,PC_EU27_2020_HAB_MEUR_CP,P41,FI,2018,143.8,
ESTAT:NAMA_10_PC$DV_648(1.0),13/04/22 23:00:00,A,PC_EU27_2020_HAB_MEUR_CP,P41,FI,2019,143.1,
ESTAT:NAMA_10_PC$DV_648(1.0),13/04/22 23:00:00,A,PC_EU27_2020_HAB_MEUR_CP,P41,FI,2020,147.1,
ESTAT:NAMA_10_PC$DV_648(1.0),13/04/22 23:00:00,A,PC_EU27_2020_HAB_MEUR_CP,P41,FI,2021,145.0,
ESTAT:NAMA_10_PC$DV_648(1.0),13/04/22 23:00:00,A,PC_EU27_2020_HAB_MEUR_CP,P41,FR,2010,126.7,
ESTAT:NAMA_10_PC$DV_648(1.0),13/04/22 23:00:00,A,PC_EU27_2020_HAB_MEUR_CP,P41,FR,2011,126.2,
ESTAT:NAMA_10_PC$DV_648(1.0),13/04/22 23:00:00,A,PC_EU27_2020_HAB_MEUR_CP,P41,FR,2012,126.2,
ESTAT:NAMA_10_PC$DV_648(1.0),13/04/22 23:00:00,A,PC_EU27_2020_HAB_MEUR_CP,P41,FR,2013,126.4,
ESTAT:NAMA_10_PC$DV_648(1.0),13/04/22 23:00:00,A,PC_EU27_2020_HAB_MEUR_CP,P41,FR,2014,125.8,
ESTAT:NAMA_10_PC$DV_648(1.0),13/04/22 23:00:00,A,PC_EU27_2020_HAB_MEUR_CP,P41,FR,2015,124.6,
ESTAT:NAMA_10_PC$DV_648(1.0),13/04/22 23:00:00,A,PC_EU27_2020_HAB_MEUR_CP,P41,FR,2016,123.7,
ESTAT:NAMA_10_PC$DV_648(1.0),13/04/22 23:00:00,A,PC_EU27_2020_HAB_MEUR_CP,P41,FR,2017,121.9,
ESTAT:NAMA_10_PC$DV_648(1.0),13/04/22 23:00:00,A,PC_EU27_2020_HAB_MEUR_CP,P41,FR,2018,120.6,
ESTAT:NAMA_10_PC$DV_648(1.0),13/04/22 23:00:00,A,PC_EU27_2020_HAB_MEUR_CP,P41,FR,2019,119.8,
ESTAT:NAMA_10_PC$DV_648(1.0),13/04/22 23:00:00,A,PC_EU27_2020_HAB_MEUR_CP,P41,FR,2020,120.2,
ESTAT:NAMA_10_PC$DV_648(1.0),13/04/22 23:00:00,A,PC_EU27_2020_HAB_MEUR_CP,P41,FR,2021,119.4,
ESTAT:NAMA_10_PC$DV_648(1.0),13/04/22 23:00:00,A,PC_EU27_2020_HAB_MEUR_CP,P41,HR,2010,43.4,
ESTAT:NAMA_10_PC$DV_648(1.0),13/04/22 23:00:00,A,PC_EU27_2020_HAB_MEUR_CP,P41,HR,2011,43.0,
ESTAT:NAMA_10_PC$DV_648(1.0),13/04/22 23:00:00,A,PC_EU27_2020_HAB_MEUR_CP,P41,HR,2012,42.5,
ESTAT:NAMA_10_PC$DV_648(1.0),13/04/22 23:00:00,A,PC_EU27_2020_HAB_MEUR_CP,P41,HR,2013,42.2,
ESTAT:NAMA_10_PC$DV_648(1.0),13/04/22 23:00:00,A,PC_EU27_2020_HAB_MEUR_CP,P41,HR,2014,40.6,
ESTAT:NAMA_10_PC$DV_648(1.0),13/04/22 23:00:00,A,PC_EU27_2020_HAB_MEUR_CP,P41,HR,2015,40.1,
ESTAT:NAMA_10_PC$DV_648(1.0),13/04/22 23:00:00,A,PC_EU27_2020_HAB_MEUR_CP,P41,HR,2016,40.7,
ESTAT:NAMA_10_PC$DV_648(1.0),13/04/22 23:00:00,A,PC_EU27_2020_HAB_MEUR_CP,P41,HR,2017,41.8,
ESTAT:NAMA_10_PC$DV_648(1.0),13/04/22 23:00:00,A,PC_EU27_2020_HAB_MEUR_CP,P41,HR,2018,43.2,
ESTAT:NAMA_10_PC$DV_648(1.0),13/04/22 23:00:00,A,PC_EU27_2020_HAB_MEUR_CP,P41,HR,2019,44.6,
ESTAT:NAMA_10_PC$DV_648(1.0),13/04/22 23:00:00,A,PC_EU27_2020_HAB_MEUR_CP,P41,HR,2020,44.9,
ESTAT:NAMA_10_PC$DV_648(1.0),13/04/22 23:00:00,A,PC_EU27_2020_HAB_MEUR_CP,P41,HR,2021,49.0,
ESTAT:NAMA_10_PC$DV_648(1.0),13/04/22 23:00:00,A,PC_EU27_2020_HAB_MEUR_CP,P41,HU,2010,36.7,
ESTAT:NAMA_10_PC$DV_648(1.0),13/04/22 23:00:00,A,PC_EU27_2020_HAB_MEUR_CP,P41,HU,2011,36.7,
ESTAT:NAMA_10_PC$DV_648(1.0),13/04/22 23:00:00,A,PC_EU27_2020_HAB_MEUR_CP,P41,HU,2012,36.3,
ESTAT:NAMA_10_PC$DV_648(1.0),13/04/22 23:00:00,A,PC_EU27_2020_HAB_MEUR_CP,P41,HU,2013,35.7,
ESTAT:NAMA_10_PC$DV_648(1.0),13/04/22 23:00:00,A,PC_EU27_2020_HAB_MEUR_CP,P41,HU,2014,35.5,
ESTAT:NAMA_10_PC$DV_648(1.0),13/04/22 23:00:00,A,PC_EU27_2020_HAB_MEUR_CP,P41,HU,2015,36.4,
ESTAT:NAMA_10_PC$DV_648(1.0),13/04/22 23:00:00,A,PC_EU27_2020_HAB_MEUR_CP,P41,HU,2016,37.5,
ESTAT:NAMA_10_PC$DV_648(1.0),13/04/22 23:00:00,A,PC_EU27_2020_HAB_MEUR_CP,P41,HU,2017,39.8,
ESTAT:NAMA_10_PC$DV_648(1.0),13/04/22 23:00:00,A,PC_EU27_2020_HAB_MEUR_CP,P41,HU,2018,40.6,
ESTAT:NAMA_10_PC$DV_648(1.0),13/04/22 23:00:00,A,PC_EU27_2020_HAB_MEUR_CP,P41,HU,2019,42.3,
ESTAT:NAMA_10_PC$DV_648(1.0),13/04/22 23:00:00,A,PC_EU27_2020_HAB_MEUR_CP,P41,HU,2020,42.6,
ESTAT:NAMA_10_PC$DV_648(1.0),13/04/22 23:00:00,A,PC_EU27_2020_HAB_MEUR_CP,P41,HU,2021,43.7,
ESTAT:NAMA_10_PC$DV_648(1.0),13/04/22 23:00:00,A,PC_EU27_2020_HAB_MEUR_CP,P41,IE,2010,128.1,
ESTAT:NAMA_10_PC$DV_648(1.0),13/04/22 23:00:00,A,PC_EU27_2020_HAB_MEUR_CP,P41,IE,2011,124.9,
ESTAT:NAMA_10_PC$DV_648(1.0),13/04/22 23:00:00,A,PC_EU27_2020_HAB_MEUR_CP,P41,IE,2012,123.4,
ESTAT:NAMA_10_PC$DV_648(1.0),13/04/22 23:00:00,A,PC_EU27_2020_HAB_MEUR_CP,P41,IE,2013,122.8,
ESTAT:NAMA_10_PC$DV_648(1.0),13/04/22 23:00:00,A,PC_EU27_2020_HAB_MEUR_CP,P41,IE,2014,124.5,
ESTAT:NAMA_10_PC$DV_648(1.0),13/04/22 23:00:00,A,PC_EU27_2020_HAB_MEUR_CP,P41,IE,2015,125.1,
ESTAT:NAMA_10_PC$DV_648(1.0),13/04/22 23:00:00,A,PC_EU27_2020_HAB_MEUR_CP,P41,IE,2016,127.2,
ESTAT:NAMA_10_PC$DV_648(1.0),13/04/22 23:00:00,A,PC_EU27_2020_HAB_MEUR_CP,P41,IE,2017,126.5,
ESTAT:NAMA_10_PC$DV_648(1.0),13/04/22 23:00:00,A,PC_EU27_2020_HAB_MEUR_CP,P41,IE,2018,128.4,
ESTAT:NAMA_10_PC$DV_648(1.0),13/04/22 23:00:00,A,PC_EU27_2020_HAB_MEUR_CP,P41,IE,2019,130.9,
ESTAT:NAMA_10_PC$DV_648(1.0),13/04/22 23:00:00,A,PC_EU27_2020_HAB_MEUR_CP,P41,IE,2020,127.9,
ESTAT:NAMA_10_PC$DV_648(1.0),13/04/22 23:00:00,A,PC_EU27_2020_HAB_MEUR_CP,P41,IE,2021,128.2,
ESTAT:NAMA_10_PC$DV_648(1.0),13/04/22 23:00:00,A,PC_EU27_2020_HAB_MEUR_CP,P41,IS,2010,126.6,
ESTAT:NAMA_10_PC$DV_648(1.0),13/04/22 23:00:00,A,PC_EU27_2020_HAB_MEUR_CP,P41,IS,2011,130.4,
ESTAT:NAMA_10_PC$DV_648(1.0),13/04/22 23:00:00,A,PC_EU27_2020_HAB_MEUR_CP,P41,IS,2012,138.0,
ESTAT:NAMA_10_PC$DV_648(1.0),13/04/22 23:00:00,A,PC_EU27_2020_HAB_MEUR_CP,P41,IS,2013,141.4,
ESTAT:NAMA_10_PC$DV_648(1.0),13/04/22 23:00:00,A,PC_EU27_2020_HAB_MEUR_CP,P41,IS,2014,153.4,
ESTAT:NAMA_10_PC$DV_648(1.0),13/04/22 23:00:00,A,PC_EU27_2020_HAB_MEUR_CP,P41,IS,2015,166.9,
ESTAT:NAMA_10_PC$DV_648(1.0),13/04/22 23:00:00,A,PC_EU27_2020_HAB_MEUR_CP,P41,IS,2016,190.5,
ESTAT:NAMA_10_PC$DV_648(1.0),13/04/22 23:00:00,A,PC_EU27_2020_HAB_MEUR_CP,P41,IS,2017,214.2,
ESTAT:NAMA_10_PC$DV_648(1.0),13/04/22 23:00:00,A,PC_EU27_2020_HAB_MEUR_CP,P41,IS,2018,206.8,
ESTAT:NAMA_10_PC$DV_648(1.0),13/04/22 23:00:00,A,PC_EU27_2020_HAB_MEUR_CP,P41,IS,2019,196.1,
ESTAT:NAMA_10_PC$DV_648(1.0),13/04/22 23:00:00,A,PC_EU27_2020_HAB_MEUR_CP,P41,IS,2020,183.2,
ESTAT:NAMA_10_PC$DV_648(1.0),13/04/22 23:00:00,A,PC_EU27_2020_HAB_MEUR_CP,P41,IS,2021,192.5,
ESTAT:NAMA_10_PC$DV_648(1.0),13/04/22 23:00:00,A,PC_EU27_2020_HAB_MEUR_CP,P41,IT,2010,113.8,
ESTAT:NAMA_10_PC$DV_648(1.0),13/04/22 23:00:00,A,PC_EU27_2020_HAB_MEUR_CP,P41,IT,2011,113.2,
ESTAT:NAMA_10_PC$DV_648(1.0),13/04/22 23:00:00,A,PC_EU27_2020_HAB_MEUR_CP,P41,IT,2012,110.7,
ESTAT:NAMA_10_PC$DV_648(1.0),13/04/22 23:00:00,A,PC_EU27_2020_HAB_MEUR_CP,P41,IT,2013,108.4,
ESTAT:NAMA_10_PC$DV_648(1.0),13/04/22 23:00:00,A,PC_EU27_2020_HAB_MEUR_CP,P41,IT,2014,107.5,
ESTAT:NAMA_10_PC$DV_648(1.0),13/04/22 23:00:00,A,PC_EU27_2020_HAB_MEUR_CP,P41,IT,2015,107.2,
ESTAT:NAMA_10_PC$DV_648(1.0),13/04/22 23:00:00,A,PC_EU27_2020_HAB_MEUR_CP,P41,IT,2016,106.3,
ESTAT:NAMA_10_PC$DV_648(1.0),13/04/22 23:00:00,A,PC_EU27_2020_HAB_MEUR_CP,P41,IT,2017,105.5,
ESTAT:NAMA_10_PC$DV_648(1.0),13/04/22 23:00:00,A,PC_EU27_2020_HAB_MEUR_CP,P41,IT,2018,104.7,
ESTAT:NAMA_10_PC$DV_648(1.0),13/04/22 23:00:00,A,PC_EU27_2020_HAB_MEUR_CP,P41,IT,2019,102.9,
ESTAT:NAMA_10_PC$DV_648(1.0),13/04/22 23:00:00,A,PC_EU27_2020_HAB_MEUR_CP,P41,IT,2020,99.3,
ESTAT:NAMA_10_PC$DV_648(1.0),13/04/22 23:00:00,A,PC_EU27_2020_HAB_MEUR_CP,P41,IT,2021,99.6,
ESTAT:NAMA_10_PC$DV_648(1.0),13/04/22 23:00:00,A,PC_EU27_2020_HAB_MEUR_CP,P41,LT,2010,39.8,
ESTAT:NAMA_10_PC$DV_648(1.0),13/04/22 23:00:00,A,PC_EU27_2020_HAB_MEUR_CP,P41,LT,2011,43.0,
ESTAT:NAMA_10_PC$DV_648(1.0),13/04/22 23:00:00,A,PC_EU27_2020_HAB_MEUR_CP,P41,LT,2012,45.5,
ESTAT:NAMA_10_PC$DV_648(1.0),13/04/22 23:00:00,A,PC_EU27_2020_HAB_MEUR_CP,P41,LT,2013,47.8,
ESTAT:NAMA_10_PC$DV_648(1.0),13/04/22 23:00:00,A,PC_EU27_2020_HAB_MEUR_CP,P41,LT,2014,49.2,
ESTAT:NAMA_10_PC$DV_648(1.0),13/04/22 23:00:00,A,PC_EU27_2020_HAB_MEUR_CP,P41,LT,2015,50.4,
ESTAT:NAMA_10_PC$DV_648(1.0),13/04/22 23:00:00,A,PC_EU27_2020_HAB_MEUR_CP,P41,LT,2016,52.3,
ESTAT:NAMA_10_PC$DV_648(1.0),13/04/22 23:00:00,A,PC_EU27_2020_HAB_MEUR_CP,P41,LT,2017,54.9,
ESTAT:NAMA_10_PC$DV_648(1.0),13/04/22 23:00:00,A,PC_EU27_2020_HAB_MEUR_CP,P41,LT,2018,57.5,
ESTAT:NAMA_10_PC$DV_648(1.0),13/04/22 23:00:00,A,PC_EU27_2020_HAB_MEUR_CP,P41,LT,2019,59.5,
ESTAT:NAMA_10_PC$DV_648(1.0),13/04/22 23:00:00,A,PC_EU27_2020_HAB_MEUR_CP,P41,LT,2020,62.9,
ESTAT:NAMA_10_PC$DV_648(1.0),13/04/22 23:00:00,A,PC_EU27_2020_HAB_MEUR_CP,P41,LT,2021,66.1,
ESTAT:NAMA_10_PC$DV_648(1.0),13/04/22 23:00:00,A,PC_EU27_2020_HAB_MEUR_CP,P41,LU,2010,213.0,
ESTAT:NAMA_10_PC$DV_648(1.0),13/04/22 23:00:00,A,PC_EU27_2020_HAB_MEUR_CP,P41,LU,2011,213.6,
ESTAT:NAMA_10_PC$DV_648(1.0),13/04/22 23:00:00,A,PC_EU27_2020_HAB_MEUR_CP,P41,LU,2012,217.9,
ESTAT:NAMA_10_PC$DV_648(1.0),13/04/22 23:00:00,A,PC_EU27_2020_HAB_MEUR_CP,P41,LU,2013,218.8,
ESTAT:NAMA_10_PC$DV_648(1.0),13/04/22 23:00:00,A,PC_EU27_2020_HAB_MEUR_CP,P41,LU,2014,218.9,
ESTAT:NAMA_10_PC$DV_648(1.0),13/04/22 23:00:00,A,PC_EU27_2020_HAB_MEUR_CP,P41,LU,2015,217.6,
ESTAT:NAMA_10_PC$DV_648(1.0),13/04/22 23:00:00,A,PC_EU27_2020_HAB_MEUR_CP,P41,LU,2016,214.7,
ESTAT:NAMA_10_PC$DV_648(1.0),13/04/22 23:00:00,A,PC_EU27_2020_HAB_MEUR_CP,P41,LU,2017,214.8,
ESTAT:NAMA_10_PC$DV_648(1.0),13/04/22 23:00:00,A,PC_EU27_2020_HAB_MEUR_CP,P41,LU,2018,215.2,
ESTAT:NAMA_10_PC$DV_648(1.0),13/04/22 23:00:00,A,PC_EU27_2020_HAB_MEUR_CP,P41,LU,2019,215.5,
ESTAT:NAMA_10_PC$DV_648(1.0),13/04/22 23:00:00,A,PC_EU27_2020_HAB_MEUR_CP,P41,LU,2020,216.8,
ESTAT:NAMA_10_PC$DV_648(1.0),13/04/22 23:00:00,A,PC_EU27_2020_HAB_MEUR_CP,P41,LU,2021,217.5,
ESTAT:NAMA_10_PC$DV_648(1.0),13/04/22 23:00:00,A,PC_EU27_2020_HAB_MEUR_CP,P41,LV,2010,35.8,
ESTAT:NAMA_10_PC$DV_648(1.0),13/04/22 23:00:00,A,PC_EU27_2020_HAB_MEUR_CP,P41,LV,2011,38.1,
ESTAT:NAMA_10_PC$DV_648(1.0),13/04/22 23:00:00,A,PC_EU27_2020_HAB_MEUR_CP,P41,LV,2012,41.9,
ESTAT:NAMA_10_PC$DV_648(1.0),13/04/22 23:00:00,A,PC_EU27_2020_HAB_MEUR_CP,P41,LV,2013,44.7,
ESTAT:NAMA_10_PC$DV_648(1.0),13/04/22 23:00:00,A,PC_EU27_2020_HAB_MEUR_CP,P41,LV,2014,45.4,
ESTAT:NAMA_10_PC$DV_648(1.0),13/04/22 23:00:00,A,PC_EU27_2020_HAB_MEUR_CP,P41,LV,2015,45.9,
ESTAT:NAMA_10_PC$DV_648(1.0),13/04/22 23:00:00,A,PC_EU27_2020_HAB_MEUR_CP,P41,LV,2016,47.3,
ESTAT:NAMA_10_PC$DV_648(1.0),13/04/22 23:00:00,A,PC_EU27_2020_HAB_MEUR_CP,P41,LV,2017,49.1,
ESTAT:NAMA_10_PC$DV_648(1.0),13/04/22 23:00:00,A,PC_EU27_2020_HAB_MEUR_CP,P41,LV,2018,51.2,
ESTAT:NAMA_10_PC$DV_648(1.0),13/04/22 23:00:00,A,PC_EU27_2020_HAB_MEUR_CP,P41,LV,2019,52.1,
ESTAT:NAMA_10_PC$DV_648(1.0),13/04/22 23:00:00,A,PC_EU27_2020_HAB_MEUR_CP,P41,LV,2020,52.5,
ESTAT:NAMA_10_PC$DV_648(1.0),13/04/22 23:00:00,A,PC_EU27_2020_HAB_MEUR_CP,P41,LV,2021,53.9,
ESTAT:NAMA_10_PC$DV_648(1.0),13/04/22 23:00:00,A,PC_EU27_2020_HAB_MEUR_CP,P41,MK,2010,16.9,
ESTAT:NAMA_10_PC$DV_648(1.0),13/04/22 23:00:00,A,PC_EU27_2020_HAB_MEUR_CP,P41,MK,2011,17.1,
ESTAT:NAMA_10_PC$DV_648(1.0),13/04/22 23:00:00,A,PC_EU27_2020_HAB_MEUR_CP,P41,MK,2012,17.1,
ESTAT:NAMA_10_PC$DV_648(1.0),13/04/22 23:00:00,A,PC_EU27_2020_HAB_MEUR_CP,P41,MK,2013,17.8,
ESTAT:NAMA_10_PC$DV_648(1.0),13/04/22 23:00:00,A,PC_EU27_2020_HAB_MEUR_CP,P41,MK,2014,17.9,
ESTAT:NAMA_10_PC$DV_648(1.0),13/04/22 23:00:00,A,PC_EU27_2020_HAB_MEUR_CP,P41,MK,2015,18.3,
ESTAT:NAMA_10_PC$DV_648(1.0),13/04/22 23:00:00,A,PC_EU27_2020_HAB_MEUR_CP,P41,MK,2016,18.4,
ESTAT:NAMA_10_PC$DV_648(1.0),13/04/22 23:00:00,A,PC_EU27_2020_HAB_MEUR_CP,P41,MK,2017,18.4,
ESTAT:NAMA_10_PC$DV_648(1.0),13/04/22 23:00:00,A,PC_EU27_2020_HAB_MEUR_CP,P41,MK,2018,19.0,
ESTAT:NAMA_10_PC$DV_648(1.0),13/04/22 23:00:00,A,PC_EU27_2020_HAB_MEUR_CP,P41,MK,2019,19.3,
ESTAT:NAMA_10_PC$DV_648(1.0),13/04/22 23:00:00,A,PC_EU27_2020_HAB_MEUR_CP,P41,MT,2010,65.8,
ESTAT:NAMA_10_PC$DV_648(1.0),13/04/22 23:00:00,A,PC_EU27_2020_HAB_MEUR_CP,P41,MT,2011,68.0,
ESTAT:NAMA_10_PC$DV_648(1.0),13/04/22 23:00:00,A,PC_EU27_2020_HAB_MEUR_CP,P41,MT,2012,69.4,
ESTAT:NAMA_10_PC$DV_648(1.0),13/04/22 23:00:00,A,PC_EU27_2020_HAB_MEUR_CP,P41,MT,2013,71.0,
ESTAT:NAMA_10_PC$DV_648(1.0),13/04/22 23:00:00,A,PC_EU27_2020_HAB_MEUR_CP,P41,MT,2014,71.5,
ESTAT:NAMA_10_PC$DV_648(1.0),13/04/22 23:00:00,A,PC_EU27_2020_HAB_MEUR_CP,P41,MT,2015,71.6,
ESTAT:NAMA_10_PC$DV_648(1.0),13/04/22 23:00:00,A,PC_EU27_2020_HAB_MEUR_CP,P41,MT,2016,71.7,
ESTAT:NAMA_10_PC$DV_648(1.0),13/04/22 23:00:00,A,PC_EU27_2020_HAB_MEUR_CP,P41,MT,2017,72.8,
ESTAT:NAMA_10_PC$DV_648(1.0),13/04/22 23:00:00,A,PC_EU27_2020_HAB_MEUR_CP,P41,MT,2018,74.7,
ESTAT:NAMA_10_PC$DV_648(1.0),13/04/22 23:00:00,A,PC_EU27_2020_HAB_MEUR_CP,P41,MT,2019,75.2,
ESTAT:NAMA_10_PC$DV_648(1.0),13/04/22 23:00:00,A,PC_EU27_2020_HAB_MEUR_CP,P41,MT,2020,74.1,
ESTAT:NAMA_10_PC$DV_648(1.0),13/04/22 23:00:00,A,PC_EU27_2020_HAB_MEUR_CP,P41,MT,2021,74.2,
ESTAT:NAMA_10_PC$DV_648(1.0),13/04/22 23:00:00,A,PC_EU27_2020_HAB_MEUR_CP,P41,NL,2010,141.5,
ESTAT:NAMA_10_PC$DV_648(1.0),13/04/22 23:00:00,A,PC_EU27_2020_HAB_MEUR_CP,P41,NL,2011,140.2,
ESTAT:NAMA_10_PC$DV_648(1.0),13/04/22 23:00:00,A,PC_EU27_2020_HAB_MEUR_CP,P41,NL,2012,139.3,
ESTAT:NAMA_10_PC$DV_648(1.0),13/04/22 23:00:00,A,PC_EU27_2020_HAB_MEUR_CP,P41,NL,2013,138.9,
ESTAT:NAMA_10_PC$DV_648(1.0),13/04/22 23:00:00,A,PC_EU27_2020_HAB_MEUR_CP,P41,NL,2014,138.3,
ESTAT:NAMA_10_PC$DV_648(1.0),13/04/22 23:00:00,A,PC_EU27_2020_HAB_MEUR_CP,P41,NL,2015,136.8,
ESTAT:NAMA_10_PC$DV_648(1.0),13/04/22 23:00:00,A,PC_EU27_2020_HAB_MEUR_CP,P41,NL,2016,134.8,
ESTAT:NAMA_10_PC$DV_648(1.0),13/04/22 23:00:00,A,PC_EU27_2020_HAB_MEUR_CP,P41,NL,2017,134.2,
ESTAT:NAMA_10_PC$DV_648(1.0),13/04/22 23:00:00,A,PC_EU27_2020_HAB_MEUR_CP,P41,NL,2018,135.5,
ESTAT:NAMA_10_PC$DV_648(1.0),13/04/22 23:00:00,A,PC_EU27_2020_HAB_MEUR_CP,P41,NL,2019,136.9,
ESTAT:NAMA_10_PC$DV_648(1.0),13/04/22 23:00:00,A,PC_EU27_2020_HAB_MEUR_CP,P41,NL,2020,138.7,
ESTAT:NAMA_10_PC$DV_648(1.0),13/04/22 23:00:00,A,PC_EU27_2020_HAB_MEUR_CP,P41,NL,2021,139.8,
ESTAT:NAMA_10_PC$DV_648(1.0),13/04/22 23:00:00,A,PC_EU27_2020_HAB_MEUR_CP,P41,NO,2010,217.4,
ESTAT:NAMA_10_PC$DV_648(1.0),13/04/22 23:00:00,A,PC_EU27_2020_HAB_MEUR_CP,P41,NO,2011,224.3,
ESTAT:NAMA_10_PC$DV_648(1.0),13/04/22 23:00:00,A,PC_EU27_2020_HAB_MEUR_CP,P41,NO,2012,240.1,
ESTAT:NAMA_10_PC$DV_648(1.0),13/04/22 23:00:00,A,PC_EU27_2020_HAB_MEUR_CP,P41,NO,2013,237.2,
ESTAT:NAMA_10_PC$DV_648(1.0),13/04/22 23:00:00,A,PC_EU27_2020_HAB_MEUR_CP,P41,NO,2014,226.5,
ESTAT:NAMA_10_PC$DV_648(1.0),13/04/22 23:00:00,A,PC_EU27_2020_HAB_MEUR_CP,P41,NO,2015,215.1,
ESTAT:NAMA_10_PC$DV_648(1.0),13/04/22 23:00:00,A,PC_EU27_2020_HAB_MEUR_CP,P41,NO,2016,209.4,
ESTAT:NAMA_10_PC$DV_648(1.0),13/04/22 23:00:00,A,PC_EU27_2020_HAB_MEUR_CP,P41,NO,2017,208.8,
ESTAT:NAMA_10_PC$DV_648(1.0),13/04/22 23:00:00,A,PC_EU27_2020_HAB_MEUR_CP,P41,NO,2018,203.6,
ESTAT:NAMA_10_PC$DV_648(1.0),13/04/22 23:00:00,A,PC_EU27_2020_HAB_MEUR_CP,P41,NO,2019,199.1,
ESTAT:NAMA_10_PC$DV_648(1.0),13/04/22 23:00:00,A,PC_EU27_2020_HAB_MEUR_CP,P41,NO,2020,185.5,
ESTAT:NAMA_10_PC$DV_648(1.0),13/04/22 23:00:00,A,PC_EU27_2020_HAB_MEUR_CP,P41,NO,2021,196.6,
ESTAT:NAMA_10_PC$DV_648(1.0),13/04/22 23:00:00,A,PC_EU27_2020_HAB_MEUR_CP,P41,PL,2010,39.3,
ESTAT:NAMA_10_PC$DV_648(1.0),13/04/22 23:00:00,A,PC_EU27_2020_HAB_MEUR_CP,P41,PL,2011,39.9,
ESTAT:NAMA_10_PC$DV_648(1.0),13/04/22 23:00:00,A,PC_EU27_2020_HAB_MEUR_CP,P41,PL,2012,40.5,
ESTAT:NAMA_10_PC$DV_648(1.0),13/04/22 23:00:00,A,PC_EU27_2020_HAB_MEUR_CP,P41,PL,2013,40.6,
ESTAT:NAMA_10_PC$DV_648(1.0),13/04/22 23:00:00,A,PC_EU27_2020_HAB_MEUR_CP,P41,PL,2014,41.2,
ESTAT:NAMA_10_PC$DV_648(1.0),13/04/22 23:00:00,A,PC_EU27_2020_HAB_MEUR_CP,P41,PL,2015,41.5,
ESTAT:NAMA_10_PC$DV_648(1.0),13/04/22 23:00:00,A,PC_EU27_2020_HAB_MEUR_CP,P41,PL,2016,40.3,
ESTAT:NAMA_10_PC$DV_648(1.0),13/04/22 23:00:00,A,PC_EU27_2020_HAB_MEUR_CP,P41,PL,2017,42.6,
ESTAT:NAMA_10_PC$DV_648(1.0),13/04/22 23:00:00,A,PC_EU27_2020_HAB_MEUR_CP,P41,PL,2018,44.0,
ESTAT:NAMA_10_PC$DV_648(1.0),13/04/22 23:00:00,A,PC_EU27_2020_HAB_MEUR_CP,P41,PL,2019,45.4,
ESTAT:NAMA_10_PC$DV_648(1.0),13/04/22 23:00:00,A,PC_EU27_2020_HAB_MEUR_CP,P41,PL,2020,46.9,
ESTAT:NAMA_10_PC$DV_648(1.0),13/04/22 23:00:00,A,PC_EU27_2020_HAB_MEUR_CP,P41,PL,2021,47.6,
ESTAT:NAMA_10_PC$DV_648(1.0),13/04/22 23:00:00,A,PC_EU27_2020_HAB_MEUR_CP,P41,PT,2010,76.5,
ESTAT:NAMA_10_PC$DV_648(1.0),13/04/22 23:00:00,A,PC_EU27_2020_HAB_MEUR_CP,P41,PT,2011,72.6,
ESTAT:NAMA_10_PC$DV_648(1.0),13/04/22 23:00:00,A,PC_EU27_2020_HAB_MEUR_CP,P41,PT,2012,69.1,
ESTAT:NAMA_10_PC$DV_648(1.0),13/04/22 23:00:00,A,PC_EU27_2020_HAB_MEUR_CP,P41,PT,2013,69.1,
ESTAT:NAMA_10_PC$DV_648(1.0),13/04/22 23:00:00,A,PC_EU27_2020_HAB_MEUR_CP,P41,PT,2014,69.9,
ESTAT:NAMA_10_PC$DV_648(1.0),13/04/22 23:00:00,A,PC_EU27_2020_HAB_MEUR_CP,P41,PT,2015,70.7,
ESTAT:NAMA_10_PC$DV_648(1.0),13/04/22 23:00:00,A,PC_EU27_2020_HAB_MEUR_CP,P41,PT,2016,71.7,
ESTAT:NAMA_10_PC$DV_648(1.0),13/04/22 23:00:00,A,PC_EU27_2020_HAB_MEUR_CP,P41,PT,2017,72.1,
ESTAT:NAMA_10_PC$DV_648(1.0),13/04/22 23:00:00,A,PC_EU27_2020_HAB_MEUR_CP,P41,PT,2018,73.1,
ESTAT:NAMA_10_PC$DV_648(1.0),13/04/22 23:00:00,A,PC_EU27_2020_HAB_MEUR_CP,P41,PT,2019,74.3,
ESTAT:NAMA_10_PC$DV_648(1.0),13/04/22 23:00:00,A,PC_EU27_2020_HAB_MEUR_CP,P41,PT,2020,74.2,
ESTAT:NAMA_10_PC$DV_648(1.0),13/04/22 23:00:00,A,PC_EU27_2020_HAB_MEUR_CP,P41,PT,2021,73.5,
ESTAT:NAMA_10_PC$DV_648(1.0),13/04/22 23:00:00,A,PC_EU27_2020_HAB_MEUR_CP,P41,RO,2010,26.1,
ESTAT:NAMA_10_PC$DV_648(1.0),13/04/22 23:00:00,A,PC_EU27_2020_HAB_MEUR_CP,P41,RO,2011,26.2,
ESTAT:NAMA_10_PC$DV_648(1.0),13/04/22 23:00:00,A,PC_EU27_2020_HAB_MEUR_CP,P41,RO,2012,26.3,
ESTAT:NAMA_10_PC$DV_648(1.0),13/04/22 23:00:00,A,PC_EU27_2020_HAB_MEUR_CP,P41,RO,2013,27.4,
ESTAT:NAMA_10_PC$DV_648(1.0),13/04/22 23:00:00,A,PC_EU27_2020_HAB_MEUR_CP,P41,RO,2014,28.4,
ESTAT:NAMA_10_PC$DV_648(1.0),13/04/22 23:00:00,A,PC_EU27_2020_HAB_MEUR_CP,P41,RO,2015,29.9,
ESTAT:NAMA_10_PC$DV_648(1.0),13/04/22 23:00:00,A,PC_EU27_2020_HAB_MEUR_CP,P41,RO,2016,31.8,
ESTAT:NAMA_10_PC$DV_648(1.0),13/04/22 23:00:00,A,PC_EU27_2020_HAB_MEUR_CP,P41,RO,2017,34.6,
ESTAT:NAMA_10_PC$DV_648(1.0),13/04/22 23:00:00,A,PC_EU27_2020_HAB_MEUR_CP,P41,RO,2018,37.2,
ESTAT:NAMA_10_PC$DV_648(1.0),13/04/22 23:00:00,A,PC_EU27_2020_HAB_MEUR_CP,P41,RO,2019,39.5,
ESTAT:NAMA_10_PC$DV_648(1.0),13/04/22 23:00:00,A,PC_EU27_2020_HAB_MEUR_CP,P41,RO,2020,40.0,
ESTAT:NAMA_10_PC$DV_648(1.0),13/04/22 23:00:00,A,PC_EU27_2020_HAB_MEUR_CP,P41,RO,2021,41.3,
ESTAT:NAMA_10_PC$DV_648(1.0),13/04/22 23:00:00,A,PC_EU27_2020_HAB_MEUR_CP,P41,RS,2010,21.7,
ESTAT:NAMA_10_PC$DV_648(1.0),13/04/22 23:00:00,A,PC_EU27_2020_HAB_MEUR_CP,P41,RS,2011,24.0,
ESTAT:NAMA_10_PC$DV_648(1.0),13/04/22 23:00:00,A,PC_EU27_2020_HAB_MEUR_CP,P41,RS,2012,22.8,
ESTAT:NAMA_10_PC$DV_648(1.0),13/04/22 23:00:00,A,PC_EU27_2020_HAB_MEUR_CP,P41,RS,2013,23.7,
ESTAT:NAMA_10_PC$DV_648(1.0),13/04/22 23:00:00,A,PC_EU27_2020_HAB_MEUR_CP,P41,RS,2014,23.1,
ESTAT:NAMA_10_PC$DV_648(1.0),13/04/22 23:00:00,A,PC_EU27_2020_HAB_MEUR_CP,P41,RS,2015,22.1,
ESTAT:NAMA_10_PC$DV_648(1.0),13/04/22 23:00:00,A,PC_EU27_2020_HAB_MEUR_CP,P41,RS,2016,22.0,
ESTAT:NAMA_10_PC$DV_648(1.0),13/04/22 23:00:00,A,PC_EU27_2020_HAB_MEUR_CP,P41,RS,2017,22.9,
ESTAT:NAMA_10_PC$DV_648(1.0),13/04/22 23:00:00,A,PC_EU27_2020_HAB_MEUR_CP,P41,RS,2018,24.1,
ESTAT:NAMA_10_PC$DV_648(1.0),13/04/22 23:00:00,A,PC_EU27_2020_HAB_MEUR_CP,P41,RS,2019,24.9,
ESTAT:NAMA_10_PC$DV_648(1.0),13/04/22 23:00:00,A,PC_EU27_2020_HAB_MEUR_CP,P41,RS,2020,26.4,
ESTAT:NAMA_10_PC$DV_648(1.0),13/04/22 23:00:00,A,PC_EU27_2020_HAB_MEUR_CP,P41,RS,2021,27.9,
ESTAT:NAMA_10_PC$DV_648(1.0),13/04/22 23:00:00,A,PC_EU27_2020_HAB_MEUR_CP,P41,SE,2010,151.0,
ESTAT:NAMA_10_PC$DV_648(1.0),13/04/22 23:00:00,A,PC_EU27_2020_HAB_MEUR_CP,P41,SE,2011,160.1,
ESTAT:NAMA_10_PC$DV_648(1.0),13/04/22 23:00:00,A,PC_EU27_2020_HAB_MEUR_CP,P41,SE,2012,166.5,
ESTAT:NAMA_10_PC$DV_648(1.0),13/04/22 23:00:00,A,PC_EU27_2020_HAB_MEUR_CP,P41,SE,2013,169.7,
ESTAT:NAMA_10_PC$DV_648(1.0),13/04/22 23:00:00,A,PC_EU27_2020_HAB_MEUR_CP,P41,SE,2014,164.1,
ESTAT:NAMA_10_PC$DV_648(1.0),13/04/22 23:00:00,A,PC_EU27_2020_HAB_MEUR_CP,P41,SE,2015,162.8,
ESTAT:NAMA_10_PC$DV_648(1.0),13/04/22 23:00:00,A,PC_EU27_2020_HAB_MEUR_CP,P41,SE,2016,162.2,
ESTAT:NAMA_10_PC$DV_648(1.0),13/04/22 23:00:00,A,PC_EU27_2020_HAB_MEUR_CP,P41,SE,2017,158.4,
ESTAT:NAMA_10_PC$DV_648(1.0),13/04/22 23:00:00,A,PC_EU27_2020_HAB_MEUR_CP,P41,SE,2018,148.8,
ESTAT:NAMA_10_PC$DV_648(1.0),13/04/22 23:00:00,A,PC_EU27_2020_HAB_MEUR_CP,P41,SE,2019,142.8,
ESTAT:NAMA_10_PC$DV_648(1.0),13/04/22 23:00:00,A,PC_EU27_2020_HAB_MEUR_CP,P41,SE,2020,148.1,
ESTAT:NAMA_10_PC$DV_648(1.0),13/04/22 23:00:00,A,PC_EU27_2020_HAB_MEUR_CP,P41,SE,2021,152.7,
ESTAT:NAMA_10_PC$DV_648(1.0),13/04/22 23:00:00,A,PC_EU27_2020_HAB_MEUR_CP,P41,SI,2010,70.7,
ESTAT:NAMA_10_PC$DV_648(1.0),13/04/22 23:00:00,A,PC_EU27_2020_HAB_MEUR_CP,P41,SI,2011,70.7,
ESTAT:NAMA_10_PC$DV_648(1.0),13/04/22 23:00:00,A,PC_EU27_2020_HAB_MEUR_CP,P41,SI,2012,69.4,
ESTAT:NAMA_10_PC$DV_648(1.0),13/04/22 23:00:00,A,PC_EU27_2020_HAB_MEUR_CP,P41,SI,2013,67.3,
ESTAT:NAMA_10_PC$DV_648(1.0),13/04/22 23:00:00,A,PC_EU27_2020_HAB_MEUR_CP,P41,SI,2014,66.9,
ESTAT:NAMA_10_PC$DV_648(1.0),13/04/22 23:00:00,A,PC_EU27_2020_HAB_MEUR_CP,P41,SI,2015,66.6,
ESTAT:NAMA_10_PC$DV_648(1.0),13/04/22 23:00:00,A,PC_EU27_2020_HAB_MEUR_CP,P41,SI,2016,67.8,
ESTAT:NAMA_10_PC$DV_648(1.0),13/04/22 23:00:00,A,PC_EU27_2020_HAB_MEUR_CP,P41,SI,2017,67.9,
ESTAT:NAMA_10_PC$DV_648(1.0),13/04/22 23:00:00,A,PC_EU27_2020_HAB_MEUR_CP,P41,SI,2018,69.5,
ESTAT:NAMA_10_PC$DV_648(1.0),13/04/22 23:00:00,A,PC_EU27_2020_HAB_MEUR_CP,P41,SI,2019,71.3,
ESTAT:NAMA_10_PC$DV_648(1.0),13/04/22 23:00:00,A,PC_EU27_2020_HAB_MEUR_CP,P41,SI,2020,71.4,
ESTAT:NAMA_10_PC$DV_648(1.0),13/04/22 23:00:00,A,PC_EU27_2020_HAB_MEUR_CP,P41,SI,2021,76.6,
ESTAT:NAMA_10_PC$DV_648(1.0),13/04/22 23:00:00,A,PC_EU27_2020_HAB_MEUR_CP,P41,SK,2010,48.4,
ESTAT:NAMA_10_PC$DV_648(1.0),13/04/22 23:00:00,A,PC_EU27_2020_HAB_MEUR_CP,P41,SK,2011,48.2,
ESTAT:NAMA_10_PC$DV_648(1.0),13/04/22 23:00:00,A,PC_EU27_2020_HAB_MEUR_CP,P41,SK,2012,49.6,
ESTAT:NAMA_10_PC$DV_648(1.0),13/04/22 23:00:00,A,PC_EU27_2020_HAB_MEUR_CP,P41,SK,2013,49.7,
ESTAT:NAMA_10_PC$DV_648(1.0),13/04/22 23:00:00,A,PC_EU27_2020_HAB_MEUR_CP,P41,SK,2014,49.8,
ESTAT:NAMA_10_PC$DV_648(1.0),13/04/22 23:00:00,A,PC_EU27_2020_HAB_MEUR_CP,P41,SK,2015,50.2,
ESTAT:NAMA_10_PC$DV_648(1.0),13/04/22 23:00:00,A,PC_EU27_2020_HAB_MEUR_CP,P41,SK,2016,50.5,
ESTAT:NAMA_10_PC$DV_648(1.0),13/04/22 23:00:00,A,PC_EU27_2020_HAB_MEUR_CP,P41,SK,2017,51.6,
ESTAT:NAMA_10_PC$DV_648(1.0),13/04/22 23:00:00,A,PC_EU27_2020_HAB_MEUR_CP,P41,SK,2018,53.3,
ESTAT:NAMA_10_PC$DV_648(1.0),13/04/22 23:00:00,A,PC_EU27_2020_HAB_MEUR_CP,P41,SK,2019,55.0,
ESTAT:NAMA_10_PC$DV_648(1.0),13/04/22 23:00:00,A,PC_EU27_2020_HAB_MEUR_CP,P41,SK,2020,58.2,
ESTAT:NAMA_10_PC$DV_648(1.0),13/04/22 23:00:00,A,PC_EU27_2020_HAB_MEUR_CP,P41,SK,2021,57.7,
ESTAT:NAMA_10_PC$DV_648(1.0),13/04/22 23:00:00,A,PC_EU27_2020_HAB_MEUR_CP,P41,UK,2010,134.8,
ESTAT:NAMA_10_PC$DV_648(1.0),13/04/22 23:00:00,A,PC_EU27_2020_HAB_MEUR_CP,P41,UK,2011,133.3,
ESTAT:NAMA_10_PC$DV_648(1.0),13/04/22 23:00:00,A,PC_EU27_2020_HAB_MEUR_CP,P41,UK,2012,145.4,
ESTAT:NAMA_10_PC$DV_648(1.0),13/04/22 23:00:00,A,PC_EU27_2020_HAB_MEUR_CP,P41,UK,2013,142.8,
ESTAT:NAMA_10_PC$DV_648(1.0),13/04/22 23:00:00,A,PC_EU27_2020_HAB_MEUR_CP,P41,UK,2014,153.0,
ESTAT:NAMA_10_PC$DV_648(1.0),13/04/22 23:00:00,A,PC_EU27_2020_HAB_MEUR_CP,P41,UK,2015,169.5,
ESTAT:NAMA_10_PC$DV_648(1.0),13/04/22 23:00:00,A,PC_EU27_2020_HAB_MEUR_CP,P41,UK,2016,152.1,
ESTAT:NAMA_10_PC$DV_648(1.0),13/04/22 23:00:00,A,PC_EU27_2020_HAB_MEUR_CP,P41,UK,2017,140.8,
ESTAT:NAMA_10_PC$DV_648(1.0),13/04/22 23:00:00,A,PC_EU27_2020_HAB_MEUR_CP,P41,UK,2018,139.6,
ESTAT:NAMA_10_PC$DV_648(1.0),13/04/22 23:00:00,A,PC_EU27_2020_HAB_MEUR_CP,P41,UK,2019,140.3,
